Workbook

Sheet Справочник номенклатуры
A1: Маркетплейс | B1: Артикул НАШ на площадке | C1: Предмет | D1: Номенклатура (код 1С) | E1: Последний баркод | F1: Тип изделия | G1: Цвет ткани | H1: Ножки | I1: Наименование позиции | J1: Номер позиции | K1: Номер цвета ножек | L1: Универсальный артикул | M1: Предмет для расчета ЗП | N1: Тип изделия
A2: WB | B2: СТ101MEL1 | C2: Стул/сиденье Классика | D2: 90000000 | E2: 2036699042135;2036709153431 | F2: Стул Классика | G2: Melon | H2: =VLOOKUP(K2,'справочник ножек'!A:B,2,FALSE) -> Коричневые ножки | I2: =CONCATENATE(F2," ",G2," ",H2) -> Стул Классика Melon Коричневые ножки | J2: 101 | K2: 1 | L2: =CONCATENATE(J2,G2,K2) -> 101Melon1 | M2: Стул/сиденье | N2: =F2 -> Стул Классика
A3: WB | B3: СТ101ORN2 | C3: Стул/сиденье Классика | D3: 90000000 | E3: 2036708970206;2036709153387 | F3: Стул Классика | G3: Orange | H3: =VLOOKUP(K3,'справочник ножек'!A:B,2,FALSE) -> Белые ножки | I3: =CONCATENATE(F3," ",G3," ",H3) -> Стул Классика Orange Белые ножки | J3: 101 | K3: 2 | L3: =CONCATENATE(J3,G3,K3) -> 101Orange2 | M3: Стул/сиденье | N3: =F3 -> Стул Классика
A4: WB | B4: СТ101MEL3 | C4: Стул/сиденье Классика | D4: 90000000 | E4: 2036709153356 | F4: Стул Классика | G4: Melon | H4: =VLOOKUP(K4,'справочник ножек'!A:B,2,FALSE) -> Черные ножки | I4: =CONCATENATE(F4," ",G4," ",H4) -> Стул Классика Melon Черные ножки | J4: 101 | K4: 3 | L4: =CONCATENATE(J4,G4,K4) -> 101Melon3 | M4: Стул/сиденье | N4: =F4 -> Стул Классика
A5: WB | B5: СТ101BLU1 | C5: Стул/сиденье Классика | D5: 90000000 | E5: 2036709153172 | F5: Стул Классика | G5: Blue | H5: =VLOOKUP(K5,'справочник ножек'!A:B,2,FALSE) -> Коричневые ножки | I5: =CONCATENATE(F5," ",G5," ",H5) -> Стул Классика Blue Коричневые ножки | J5: 101 | K5: 1 | L5: =CONCATENATE(J5,G5,K5) -> 101Blue1 | M5: Стул/сиденье | N5: =F5 -> Стул Классика
A6: WB | B6: СТ101MIN7 | C6: Стул/сиденье Классика | D6: 90000000 | E6: 2036709153196 | F6: Стул Классика | G6: Mint | H6: =VLOOKUP(K6,'справочник ножек'!A:B,2,FALSE) -> Ножки патина серебро | I6: =CONCATENATE(F6," ",G6," ",H6) -> Стул Классика Mint Ножки патина серебро | J6: 101 | K6: 7 | L6: =CONCATENATE(J6,G6,K6) -> 101Mint7 | M6: Стул/сиденье | N6: =F6 -> Стул Классика
A7: WB | B7: СТ101FOR3 | C7: Стул/сиденье Классика | D7: 90000000 | E7: 2036709153301 | F7: Стул Классика | G7: Forest | H7: =VLOOKUP(K7,'справочник ножек'!A:B,2,FALSE) -> Черные ножки | I7: =CONCATENATE(F7," ",G7," ",H7) -> Стул Классика Forest Черные ножки | J7: 101 | K7: 3 | L7: =CONCATENATE(J7,G7,K7) -> 101Forest3 | M7: Стул/сиденье | N7: =F7 -> Стул Классика
A8: WB | B8: СТ101GRE3 | C8: Стул/сиденье Классика | D8: 90000000 | E8: 2036709153417 | F8: Стул Классика | G8: Monsoon | H8: =VLOOKUP(K8,'справочник ножек'!A:B,2,FALSE) -> Черные ножки | I8: =CONCATENATE(F8," ",G8," ",H8) -> Стул Классика Monsoon Черные ножки | J8: 101 | K8: 3 | L8: =CONCATENATE(J8,G8,K8) -> 101Monsoon3 | M8: Стул/сиденье | N8: =F8 -> Стул Классика
A9: WB | B9: СТ101MIN1 | C9: Стул/сиденье Классика | D9: 90000000 | E9: 2036709153141 | F9: Стул Классика | G9: Mint | H9: =VLOOKUP(K9,'справочник ножек'!A:B,2,FALSE) -> Коричневые ножки | I9: =CONCATENATE(F9," ",G9," ",H9) -> Стул Классика Mint Коричневые ножки | J9: 101 | K9: 1 | L9: =CONCATENATE(J9,G9,K9) -> 101Mint1 | M9: Стул/сиденье | N9: =F9 -> Стул Классика
A10: WB | B10: СТ101BIR5 | C10: Стул/сиденье Классика | D10: 90000000 | E10: 2036709153257 | F10: Стул Классика | G10: Biruza | H10: =VLOOKUP(K10,'справочник ножек'!A:B,2,FALSE) -> Ножки прозрачный лак | I10: =CONCATENATE(F10," ",G10," ",H10) -> Стул Классика Biruza Ножки прозрачный лак | J10: 101 | K10: 5 | L10: =CONCATENATE(J10,G10,K10) -> 101Biruza5 | M10: Стул/сиденье | N10: =F10 -> Стул Классика
A11: WB | B11: СТ101ORN1 | C11: Стул/сиденье Классика | D11: 90000000 | E11: 2036709153325 | F11: Стул Классика | G11: Orange | H11: =VLOOKUP(K11,'справочник ножек'!A:B,2,FALSE) -> Коричневые ножки | I11: =CONCATENATE(F11," ",G11," ",H11) -> Стул Классика Orange Коричневые ножки | J11: 101 | K11: 1 | L11: =CONCATENATE(J11,G11,K11) -> 101Orange1 | M11: Стул/сиденье | N11: =F11 -> Стул Классика
A12: WB | B12: СТ101BIR2 | C12: Стул/сиденье Классика | D12: 90000000 | E12: 2036709153448 | F12: Стул Классика | G12: Biruza | H12: =VLOOKUP(K12,'справочник ножек'!A:B,2,FALSE) -> Белые ножки | I12: =CONCATENATE(F12," ",G12," ",H12) -> Стул Классика Biruza Белые ножки | J12: 101 | K12: 2 | L12: =CONCATENATE(J12,G12,K12) -> 101Biruza2 | M12: Стул/сиденье | N12: =F12 -> Стул Классика
A13: WB | B13: СТ101BER3 | C13: Стул/сиденье Классика | D13: 90000000 | E13: 2036709153165 | F13: Стул Классика | G13: Berry | H13: =VLOOKUP(K13,'справочник ножек'!A:B,2,FALSE) -> Черные ножки | I13: =CONCATENATE(F13," ",G13," ",H13) -> Стул Классика Berry Черные ножки | J13: 101 | K13: 3 | L13: =CONCATENATE(J13,G13,K13) -> 101Berry3 | M13: Стул/сиденье | N13: =F13 -> Стул Классика
A14: WB | B14: СТ101MIN3 | C14: Стул/сиденье Классика | D14: 90000000 | E14: 2036709153370 | F14: Стул Классика | G14: Mint | H14: =VLOOKUP(K14,'справочник ножек'!A:B,2,FALSE) -> Черные ножки | I14: =CONCATENATE(F14," ",G14," ",H14) -> Стул Классика Mint Черные ножки | J14: 101 | K14: 3 | L14: =CONCATENATE(J14,G14,K14) -> 101Mint3 | M14: Стул/сиденье | N14: =F14 -> Стул Классика
A15: WB | B15: СТ101GRA3 | C15: Стул/сиденье Классика | D15: 90000000 | E15: 2036709153479 | F15: Стул Классика | G15: Graphite | H15: =VLOOKUP(K15,'справочник ножек'!A:B,2,FALSE) -> Черные ножки | I15: =CONCATENATE(F15," ",G15," ",H15) -> Стул Классика Graphite Черные ножки | J15: 101 | K15: 3 | L15: =CONCATENATE(J15,G15,K15) -> 101Graphite3 | M15: Стул/сиденье | N15: =F15 -> Стул Классика
... A86: WB | B86: CT101MON77 | C86: Стул/сиденье Классика | D86: 90000000 | E86: 2036729930357 | F86: Стул Классика | G86: Monsoon | H86: =VLOOKUP(K86,'справочник ножек'!A:B,2,FALSE) -> Ножки патина серебро | I86: =CONCATENATE(F86," ",G86," ",H86) -> Стул Классика Monsoon Ножки патина серебро | J86: 101 | K86: 7 | L86: =CONCATENATE(J86,G86,K86) -> 101Monsoon7 | M86: Стул/сиденье | N86: =F86 -> Стул Классика
A87: WB | B87: CT101ORN4K | C87: Комплект 2 стульев Классика | D87: 100000000 | E87: 2036791081056 | F87: Комплект Стул Классика | G87: Orange | H87: =VLOOKUP(K87,'справочник ножек'!A:B,2,FALSE) -> Черные ножки с наконечниками | I87: =CONCATENATE(F87," ",G87," ",H87) -> Комплект Стул Классика Orange Черные ножки с наконечниками | J87: К101 | K87: 4 | L87: =CONCATENATE(J87,G87,K87) -> К101Orange4 | M87: Стул/сиденье | N87: =F87 -> Комплект Стул Классика
A88: WB | B88: CT101BEI1K | C88: Комплект 2 стульев Классика | D88: 100000000 | E88: 2036812223861 | F88: Комплект Стул Классика | G88: Beige | H88: =VLOOKUP(K88,'справочник ножек'!A:B,2,FALSE) -> Коричневые ножки | I88: =CONCATENATE(F88," ",G88," ",H88) -> Комплект Стул Классика Beige Коричневые ножки | J88: К101 | K88: 1 | L88: =CONCATENATE(J88,G88,K88) -> К101Beige1 | M88: Стул/сиденье | N88: =F88 -> Комплект Стул Классика
A89: WB | B89: CT101ORN3K | C89: Комплект 2 стульев Классика | D89: 100000000 | E89: 2036816777056 | F89: Комплект Стул Классика | G89: Orange | H89: =VLOOKUP(K89,'справочник ножек'!A:B,2,FALSE) -> Черные ножки | I89: =CONCATENATE(F89," ",G89," ",H89) -> Комплект Стул Классика Orange Черные ножки | J89: К101 | K89: 3 | L89: =CONCATENATE(J89,G89,K89) -> К101Orange3 | M89: Стул/сиденье | N89: =F89 -> Комплект Стул Классика
A90: WB | B90: CT101BIR2K | C90: Комплект 2 стульев Классика | D90: 100000000 | E90: 2036818919270 | F90: Комплект Стул Классика | G90: Biruza | H90: =VLOOKUP(K90,'справочник ножек'!A:B,2,FALSE) -> Белые ножки | I90: =CONCATENATE(F90," ",G90," ",H90) -> Комплект Стул Классика Biruza Белые ножки | J90: К101 | K90: 2 | L90: =CONCATENATE(J90,G90,K90) -> К101Biruza2 | M90: Стул/сиденье | N90: =F90 -> Комплект Стул Классика
A91: WB | B91: CT101BIR3K | C91: Комплект 2 стульев Классика | D91: 100000000 | E91: 2036818923055 | F91: Комплект Стул Классика | G91: Biruza | H91: =VLOOKUP(K91,'справочник ножек'!A:B,2,FALSE) -> Черные ножки | I91: =CONCATENATE(F91," ",G91," ",H91) -> Комплект Стул Классика Biruza Черные ножки | J91: К101 | K91: 3 | L91: =CONCATENATE(J91,G91,K91) -> К101Biruza3 | M91: Стул/сиденье | N91: =F91 -> Комплект Стул Классика
A92: WB | B92: CT101MIN3K | C92: Комплект 2 стульев Классика | D92: 100000000 | E92: 2036819267943 | F92: Комплект Стул Классика | G92: Mint | H92: =VLOOKUP(K92,'справочник ножек'!A:B,2,FALSE) -> Черные ножки | I92: =CONCATENATE(F92," ",G92," ",H92) -> Комплект Стул Классика Mint Черные ножки | J92: К101 | K92: 3 | L92: =CONCATENATE(J92,G92,K92) -> К101Mint3 | M92: Стул/сиденье | N92: =F92 -> Комплект Стул Классика
A93: WB | B93: CT101ORN1K | C93: Комплект 2 стульев Классика | D93: 100000000 | E93: 2036830326278 | F93: Комплект Стул Классика | G93: Orange | H93: =VLOOKUP(K93,'справочник ножек'!A:B,2,FALSE) -> Коричневые ножки | I93: =CONCATENATE(F93," ",G93," ",H93) -> Комплект Стул Классика Orange Коричневые ножки | J93: К101 | K93: 1 | L93: =CONCATENATE(J93,G93,K93) -> К101Orange1 | M93: Стул/сиденье | N93: =F93 -> Комплект Стул Классика
A94: WB | B94: CT101MEL1K | C94: Комплект 2 стульев Классика | D94: 100000000 | E94: 2036830370868 | F94: Комплект Стул Классика | G94: Melon | H94: =VLOOKUP(K94,'справочник ножек'!A:B,2,FALSE) -> Коричневые ножки | I94: =CONCATENATE(F94," ",G94," ",H94) -> Комплект Стул Классика Melon Коричневые ножки | J94: К101 | K94: 1 | L94: =CONCATENATE(J94,G94,K94) -> К101Melon1 | M94: Стул/сиденье | N94: =F94 -> Комплект Стул Классика
A95: WB | B95: CT101MEL2K | C95: Комплект 2 стульев Классика | D95: 100000000 | E95: 2036830390224 | F95: Комплект Стул Классика | G95: Melon | H95: =VLOOKUP(K95,'справочник ножек'!A:B,2,FALSE) -> Белые ножки | I95: =CONCATENATE(F95," ",G95," ",H95) -> Комплект Стул Классика Melon Белые ножки | J95: К101 | K95: 2 | L95: =CONCATENATE(J95,G95,K95) -> К101Melon2 | M95: Стул/сиденье | N95: =F95 -> Комплект Стул Классика
A96: WB | B96: CT101MEL3K | C96: Комплект 2 стульев Классика | D96: 100000000 | E96: 2036830415552 | F96: Комплект Стул Классика | G96: Melon | H96: =VLOOKUP(K96,'справочник ножек'!A:B,2,FALSE) -> Черные ножки | I96: =CONCATENATE(F96," ",G96," ",H96) -> Комплект Стул Классика Melon Черные ножки | J96: К101 | K96: 3 | L96: =CONCATENATE(J96,G96,K96) -> К101Melon3 | M96: Стул/сиденье | N96: =F96 -> Комплект Стул Классика
A97: WB | B97: CT101MEL4K | C97: Комплект 2 стульев Классика | D97: 100000000 | E97: 2036830564595 | F97: Комплект Стул Классика | G97: Melon | H97: =VLOOKUP(K97,'справочник ножек'!A:B,2,FALSE) -> Черные ножки с наконечниками | I97: =CONCATENATE(F97," ",G97," ",H97) -> Комплект Стул Классика Melon Черные ножки с наконечниками | J97: К101 | K97: 4 | L97: =CONCATENATE(J97,G97,K97) -> К101Melon4 | M97: Стул/сиденье | N97: =F97 -> Комплект Стул Классика
A98: WB | B98: CT101BLU1K | C98: Комплект 2 стульев Классика | D98: 100000000 | E98: 2036830946414 | F98: Комплект Стул Классика | G98: Blue | H98: =VLOOKUP(K98,'справочник ножек'!A:B,2,FALSE) -> Коричневые ножки | I98: =CONCATENATE(F98," ",G98," ",H98) -> Комплект Стул Классика Blue Коричневые ножки | J98: К101 | K98: 1 | L98: =CONCATENATE(J98,G98,K98) -> К101Blue1 | M98: Стул/сиденье | N98: =F98 -> Комплект Стул Классика
... A131: WB | B131: CT101MIN77K | C131: Комплект 2 стульев Классика | D131: 100000000 | E131: 2036851363252 | F131: Комплект Стул Классика | G131: Mint | H131: =VLOOKUP(K131,'справочник ножек'!A:B,2,FALSE) -> Ножки патина серебро | I131: =CONCATENATE(F131," ",G131," ",H131) -> Комплект Стул Классика Mint Ножки патина серебро | J131: К101 | K131: 7 | L131: =CONCATENATE(J131,G131,K131) -> К101Mint7 | M131: Стул/сиденье | N131: =F131 -> Комплект Стул Классика
A132: WB | B132: CT101BER111 | C132: Стул/сиденье Классика | D132: 100000000 | E132: 2036862183719 | F132: Стул Классика | G132: Berry | H132: =VLOOKUP(K132,'справочник ножек'!A:B,2,FALSE) -> Коричневые ножки | I132: =CONCATENATE(F132," ",G132," ",H132) -> Стул Классика Berry Коричневые ножки | J132: 101 | K132: 1 | L132: =CONCATENATE(J132,G132,K132) -> 101Berry1 | M132: Стул/сиденье | N132: =F132 -> Стул Классика
A133: WB | B133: CT101BER333 | C133: Стул/сиденье Классика | D133: 100000000 | E133: 2036862522297 | F133: Стул Классика | G133: Berry | H133: =VLOOKUP(K133,'справочник ножек'!A:B,2,FALSE) -> Черные ножки | I133: =CONCATENATE(F133," ",G133," ",H133) -> Стул Классика Berry Черные ножки | J133: 101 | K133: 3 | L133: =CONCATENATE(J133,G133,K133) -> 101Berry3 | M133: Стул/сиденье | N133: =F133 -> Стул Классика
A134: WB | B134: CT101BIR111 | C134: Стул/сиденье Классика | D134: 100000000 | E134: 2036862545180 | F134: Стул Классика | G134: Biruza | H134: =VLOOKUP(K134,'справочник ножек'!A:B,2,FALSE) -> Коричневые ножки | I134: =CONCATENATE(F134," ",G134," ",H134) -> Стул Классика Biruza Коричневые ножки | J134: 101 | K134: 1 | L134: =CONCATENATE(J134,G134,K134) -> 101Biruza1 | M134: Стул/сиденье | N134: =F134 -> Стул Классика
A135: WB | B135: CT101BIR222 | C135: Стул/сиденье Классика | D135: 100000000 | E135: 2036862565225 | F135: Стул Классика | G135: Biruza | H135: =VLOOKUP(K135,'справочник ножек'!A:B,2,FALSE) -> Белые ножки | I135: =CONCATENATE(F135," ",G135," ",H135) -> Стул Классика Biruza Белые ножки | J135: 101 | K135: 2 | L135: =CONCATENATE(J135,G135,K135) -> 101Biruza2 | M135: Стул/сиденье | N135: =F135 -> Стул Классика
A136: WB | B136: CT101BIR333 | C136: Стул/сиденье Классика | D136: 100000000 | E136: 2036862584424 | F136: Стул Классика | G136: Biruza | H136: =VLOOKUP(K136,'справочник ножек'!A:B,2,FALSE) -> Черные ножки | I136: =CONCATENATE(F136," ",G136," ",H136) -> Стул Классика Biruza Черные ножки | J136: 101 | K136: 3 | L136: =CONCATENATE(J136,G136,K136) -> 101Biruza3 | M136: Стул/сиденье | N136: =F136 -> Стул Классика
A137: WB | B137: CT101BIR555 | C137: Стул/сиденье Классика | D137: 100000000 | E137: 2036862653533 | F137: Стул Классика | G137: Biruza | H137: =VLOOKUP(K137,'справочник ножек'!A:B,2,FALSE) -> Ножки прозрачный лак | I137: =CONCATENATE(F137," ",G137," ",H137) -> Стул Классика Biruza Ножки прозрачный лак | J137: 101 | K137: 5 | L137: =CONCATENATE(J137,G137,K137) -> 101Biruza5 | M137: Стул/сиденье | N137: =F137 -> Стул Классика
A138: WB | B138: CT101BIR888 | C138: Стул/сиденье Классика | D138: 100000000 | E138: 2036862671377 | F138: Стул Классика | G138: Biruza | H138: =VLOOKUP(K138,'справочник ножек'!A:B,2,FALSE) -> Ножки слоновая кость | I138: =CONCATENATE(F138," ",G138," ",H138) -> Стул Классика Biruza Ножки слоновая кость | J138: 101 | K138: 8 | L138: =CONCATENATE(J138,G138,K138) -> 101Biruza8 | M138: Стул/сиденье | N138: =F138 -> Стул Классика
A139: WB | B139: CT101BLU111 | C139: Стул/сиденье Классика | D139: 100000000 | E139: 2036862737677 | F139: Стул Классика | G139: Blue | H139: =VLOOKUP(K139,'справочник ножек'!A:B,2,FALSE) -> Коричневые ножки | I139: =CONCATENATE(F139," ",G139," ",H139) -> Стул Классика Blue Коричневые ножки | J139: 101 | K139: 1 | L139: =CONCATENATE(J139,G139,K139) -> 101Blue1 | M139: Стул/сиденье | N139: =F139 -> Стул Классика
A140: WB | B140: CT101BLU222 | C140: Стул/сиденье Классика | D140: 100000000 | E140: 2036862769302 | F140: Стул Классика | G140: Blue | H140: =VLOOKUP(K140,'справочник ножек'!A:B,2,FALSE) -> Белые ножки | I140: =CONCATENATE(F140," ",G140," ",H140) -> Стул Классика Blue Белые ножки | J140: 101 | K140: 2 | L140: =CONCATENATE(J140,G140,K140) -> 101Blue2 | M140: Стул/сиденье | N140: =F140 -> Стул Классика
A141: WB | B141: CT101BLU333 | C141: Стул/сиденье Классика | D141: 100000000 | E141: 2036862779752 | F141: Стул Классика | G141: Blue | H141: =VLOOKUP(K141,'справочник ножек'!A:B,2,FALSE) -> Черные ножки | I141: =CONCATENATE(F141," ",G141," ",H141) -> Стул Классика Blue Черные ножки | J141: 101 | K141: 3 | L141: =CONCATENATE(J141,G141,K141) -> 101Blue3 | M141: Стул/сиденье | N141: =F141 -> Стул Классика
A142: WB | B142: CT101BLU444 | C142: Стул/сиденье Классика | D142: 100000000 | E142: 2036862806052 | F142: Стул Классика | G142: Blue | H142: =VLOOKUP(K142,'справочник ножек'!A:B,2,FALSE) -> Черные ножки с наконечниками | I142: =CONCATENATE(F142," ",G142," ",H142) -> Стул Классика Blue Черные ножки с наконечниками | J142: 101 | K142: 4 | L142: =CONCATENATE(J142,G142,K142) -> 101Blue4 | M142: Стул/сиденье | N142: =F142 -> Стул Классика
A143: WB | B143: CT101COF444 | C143: Стул/сиденье Классика | D143: 100000000 | E143: 2036862813630 | F143: Стул Классика | G143: Coffe | H143: =VLOOKUP(K143,'справочник ножек'!A:B,2,FALSE) -> Черные ножки с наконечниками | I143: =CONCATENATE(F143," ",G143," ",H143) -> Стул Классика Coffe Черные ножки с наконечниками | J143: 101 | K143: 4 | L143: =CONCATENATE(J143,G143,K143) -> 101Coffe4 | M143: Стул/сиденье | N143: =F143 -> Стул Классика
... A222: WB | B222: ST105ORN55 | C222: Стул/сиденье Ракушка | D222: 200000000 | E222: 2037570290928 | F222: Стул Ракушка | G222: Orange | H222: =VLOOKUP(K222,'справочник ножек'!A:B,2,FALSE) -> Ножки прозрачный лак | I222: =CONCATENATE(F222," ",G222," ",H222) -> Стул Ракушка Orange Ножки прозрачный лак | J222: 105 | K222: 5 | L222: =CONCATENATE(J222,G222,K222) -> 105Orange5 | M222: Стул/сиденье | N222: =F222 -> Стул Ракушка
A223: WB | B223: 40ST1 | C223: Ножки мебельные 40 | D223: 200000000 | E223: 2037697124465 | F223: Ножки 40 | H223: =VLOOKUP(K223,'справочник ножек'!A:B,2,FALSE) -> Коричневые ножки | I223: =CONCATENATE(F223," ",G223," ",H223) -> Ножки 40 Коричневые ножки | J223: 40 | K223: 1 | L223: =CONCATENATE(J223,G223,K223) -> 401 | M223: Ножки | N223: =F223 -> Ножки 40
A224: WB | B224: 40ST2 | C224: Ножки мебельные 40 | D224: 200000000 | E224: 2037697136130 | F224: Ножки 40 | H224: =VLOOKUP(K224,'справочник ножек'!A:B,2,FALSE) -> Белые ножки | I224: =CONCATENATE(F224," ",G224," ",H224) -> Ножки 40 Белые ножки | J224: 40 | K224: 2 | L224: =CONCATENATE(J224,G224,K224) -> 402 | M224: Ножки | N224: =F224 -> Ножки 40
A225: WB | B225: 40ST3 | C225: Ножки мебельные 40 | D225: 200000000 | E225: 2037697147105 | F225: Ножки 40 | H225: =VLOOKUP(K225,'справочник ножек'!A:B,2,FALSE) -> Черные ножки | I225: =CONCATENATE(F225," ",G225," ",H225) -> Ножки 40 Черные ножки | J225: 40 | K225: 3 | L225: =CONCATENATE(J225,G225,K225) -> 403 | M225: Ножки | N225: =F225 -> Ножки 40
A226: WB | B226: 40ST6 | C226: Ножки мебельные 40 | D226: 200000000 | E226: 2037697171865 | F226: Ножки 40 | H226: =VLOOKUP(K226,'справочник ножек'!A:B,2,FALSE) -> Ножки золотая патина | I226: =CONCATENATE(F226," ",G226," ",H226) -> Ножки 40 Ножки золотая патина | J226: 40 | K226: 6 | L226: =CONCATENATE(J226,G226,K226) -> 406 | M226: Ножки | N226: =F226 -> Ножки 40
A227: WB | B227: 40ST8 | C227: Ножки мебельные 40 | D227: 200000000 | E227: 2037697193911 | F227: Ножки 40 | H227: =VLOOKUP(K227,'справочник ножек'!A:B,2,FALSE) -> Ножки слоновая кость | I227: =CONCATENATE(F227," ",G227," ",H227) -> Ножки 40 Ножки слоновая кость | J227: 40 | K227: 8 | L227: =CONCATENATE(J227,G227,K227) -> 408 | M227: Ножки | N227: =F227 -> Ножки 40
A228: WB | B228: 40ST9 | C228: Ножки мебельные 40 | D228: 200000000 | E228: 2037697197346 | F228: Ножки 40 | H228: =VLOOKUP(K228,'справочник ножек'!A:B,2,FALSE) -> Ножки слоновая кость с наконечниками | I228: =CONCATENATE(F228," ",G228," ",H228) -> Ножки 40 Ножки слоновая кость с наконечниками | J228: 40 | K228: 9 | L228: =CONCATENATE(J228,G228,K228) -> 409 | M228: Ножки | N228: =F228 -> Ножки 40
A229: WB | B229: 40ST10 | C229: Ножки мебельные 40 | D229: 200000000 | E229: 2037697202842 | F229: Ножки 40 | H229: =VLOOKUP(K229,'справочник ножек'!A:B,2,FALSE) -> Белые ножки с наконечниками | I229: =CONCATENATE(F229," ",G229," ",H229) -> Ножки 40 Белые ножки с наконечниками | J229: 40 | K229: 10 | L229: =CONCATENATE(J229,G229,K229) -> 4010 | M229: Ножки | N229: =F229 -> Ножки 40
A230: WB | B230: 40ST11 | C230: Ножки мебельные 40 | D230: 200000000 | E230: 2037697223731 | F230: Ножки 40 | H230: =VLOOKUP(K230,'справочник ножек'!A:B,2,FALSE) -> Коричневые ножки с наконечниками | I230: =CONCATENATE(F230," ",G230," ",H230) -> Ножки 40 Коричневые ножки с наконечниками | J230: 40 | K230: 11 | L230: =CONCATENATE(J230,G230,K230) -> 4011 | M230: Ножки | N230: =F230 -> Ножки 40
A231: WB | B231: 40ST4 | C231: Ножки мебельные 40 | D231: 200000000 | E231: 2037697164553 | F231: Ножки 40 | H231: =VLOOKUP(K231,'справочник ножек'!A:B,2,FALSE) -> Черные ножки с наконечниками | I231: =CONCATENATE(F231," ",G231," ",H231) -> Ножки 40 Черные ножки с наконечниками | J231: 40 | K231: 4 | L231: =CONCATENATE(J231,G231,K231) -> 404 | M231: Ножки | N231: =F231 -> Ножки 40
A232: WB | B232: 40ST5 | C232: Ножки мебельные 40 | D232: 200000000 | E232: 2037697168704 | F232: Ножки 40 | H232: =VLOOKUP(K232,'справочник ножек'!A:B,2,FALSE) -> Ножки прозрачный лак | I232: =CONCATENATE(F232," ",G232," ",H232) -> Ножки 40 Ножки прозрачный лак | J232: 40 | K232: 5 | L232: =CONCATENATE(J232,G232,K232) -> 405 | M232: Ножки | N232: =F232 -> Ножки 40
A233: WB | B233: 40ST7 | C233: Ножки мебельные 40 | D233: 200000000 | E233: 2037697184254 | F233: Ножки 40 | H233: =VLOOKUP(K233,'справочник ножек'!A:B,2,FALSE) -> Ножки патина серебро | I233: =CONCATENATE(F233," ",G233," ",H233) -> Ножки 40 Ножки патина серебро | J233: 40 | K233: 7 | L233: =CONCATENATE(J233,G233,K233) -> 407 | M233: Ножки | N233: =F233 -> Ножки 40
A234: WB | B234: 60ST1 | C234: Ножки мебельные 60 | D234: 200000000 | E234: 2037697558321 | F234: Ножки 60 | H234: =VLOOKUP(K234,'справочник ножек'!A:B,2,FALSE) -> Коричневые ножки | I234: =CONCATENATE(F234," ",G234," ",H234) -> Ножки 60 Коричневые ножки | J234: 60 | K234: 1 | L234: =CONCATENATE(J234,G234,K234) -> 601 | M234: Ножки | N234: =F234 -> Ножки 60
... A244: WB | B244: 60ST11 | C244: Ножки мебельные 60 | D244: 200000000 | E244: 2037697597740 | F244: Ножки 60 | H244: =VLOOKUP(K244,'справочник ножек'!A:B,2,FALSE) -> Коричневые ножки с наконечниками | I244: =CONCATENATE(F244," ",G244," ",H244) -> Ножки 60 Коричневые ножки с наконечниками | J244: 60 | K244: 11 | L244: =CONCATENATE(J244,G244,K244) -> 6011 | M244: Ножки | N244: =F244 -> Ножки 60
A245: WB | B245: ST101BEI | C245: Стул/сиденье Классика | D245: 200000000 | E245: 2037723873107 | F245: Сиденье стула Классика | G245: Beige | H245: =VLOOKUP(K245,'справочник ножек'!A:B,2,FALSE) -> Без ножек | I245: =CONCATENATE(F245," ",G245," ",H245) -> Сиденье стула Классика Beige Без ножек | J245: 101 | K245: 0 | L245: =CONCATENATE(J245,G245,K245) -> 101Beige0 | M245: Стул/сиденье | N245: =F245 -> Сиденье стула Классика
A246: WB | B246: ST107BEI | C246: Полубарный стул классика | D246: 200000000 | E246: 2037726386277 | F246: Сиденье полубарного стула классика | G246: Beige | H246: =VLOOKUP(K246,'справочник ножек'!A:B,2,FALSE) -> Без ножек | I246: =CONCATENATE(F246," ",G246," ",H246) -> Сиденье полубарного стула классика Beige Без ножек | J246: 107 | K246: 0 | L246: =CONCATENATE(J246,G246,K246) -> 107Beige0 | M246: Стул/сиденье | N246: =F246 -> Сиденье полубарного стула классика
A247: WB | B247: ST102BEI | C247: Диван/сиденье классика | D247: 200000000 | E247: 2037726605354 | F247: Сиденье дивана классика | G247: Beige | H247: =VLOOKUP(K247,'справочник ножек'!A:B,2,FALSE) -> Без ножек | I247: =CONCATENATE(F247," ",G247," ",H247) -> Сиденье дивана классика Beige Без ножек | J247: 102 | K247: 0 | L247: =CONCATENATE(J247,G247,K247) -> 102Beige0 | M247: Диван/сиденье | N247: =F247 -> Сиденье дивана классика
A248: WB | B248: ST101CRE | C248: Стул/сиденье Классика | D248: 200000000 | E248: 2037728340864 | F248: Сиденье стула Классика | G248: Cream | H248: =VLOOKUP(K248,'справочник ножек'!A:B,2,FALSE) -> Без ножек | I248: =CONCATENATE(F248," ",G248," ",H248) -> Сиденье стула Классика Cream Без ножек | J248: 101 | K248: 0 | L248: =CONCATENATE(J248,G248,K248) -> 101Cream0 | M248: Стул/сиденье | N248: =F248 -> Сиденье стула Классика
A249: WB | B249: ST101BER | C249: Стул/сиденье Классика | D249: 200000000 | E249: 2037728345104 | F249: Сиденье стула Классика | G249: Berry | H249: =VLOOKUP(K249,'справочник ножек'!A:B,2,FALSE) -> Без ножек | I249: =CONCATENATE(F249," ",G249," ",H249) -> Сиденье стула Классика Berry Без ножек | J249: 101 | K249: 0 | L249: =CONCATENATE(J249,G249,K249) -> 101Berry0 | M249: Стул/сиденье | N249: =F249 -> Сиденье стула Классика
A250: WB | B250: ST101BIR | C250: Стул/сиденье Классика | D250: 200000000 | E250: 2037728361739 | F250: Сиденье стула Классика | G250: Biruza | H250: =VLOOKUP(K250,'справочник ножек'!A:B,2,FALSE) -> Без ножек | I250: =CONCATENATE(F250," ",G250," ",H250) -> Сиденье стула Классика Biruza Без ножек | J250: 101 | K250: 0 | L250: =CONCATENATE(J250,G250,K250) -> 101Biruza0 | M250: Стул/сиденье | N250: =F250 -> Сиденье стула Классика
A251: WB | B251: ST101BLU | C251: Стул/сиденье Классика | D251: 200000000 | E251: 2037728372636 | F251: Сиденье стула Классика | G251: Blue | H251: =VLOOKUP(K251,'справочник ножек'!A:B,2,FALSE) -> Без ножек | I251: =CONCATENATE(F251," ",G251," ",H251) -> Сиденье стула Классика Blue Без ножек | J251: 101 | K251: 0 | L251: =CONCATENATE(J251,G251,K251) -> 101Blue0 | M251: Стул/сиденье | N251: =F251 -> Сиденье стула Классика
A252: WB | B252: ST101GRA | C252: Стул/сиденье Классика | D252: 200000000 | E252: 2037728394805 | F252: Сиденье стула Классика | G252: Graphite | H252: =VLOOKUP(K252,'справочник ножек'!A:B,2,FALSE) -> Без ножек | I252: =CONCATENATE(F252," ",G252," ",H252) -> Сиденье стула Классика Graphite Без ножек | J252: 101 | K252: 0 | L252: =CONCATENATE(J252,G252,K252) -> 101Graphite0 | M252: Стул/сиденье | N252: =F252 -> Сиденье стула Классика
A253: WB | B253: ST101MEL | C253: Стул/сиденье Классика | D253: 200000000 | E253: 2037728410581 | F253: Сиденье стула Классика | G253: Melon | H253: =VLOOKUP(K253,'справочник ножек'!A:B,2,FALSE) -> Без ножек | I253: =CONCATENATE(F253," ",G253," ",H253) -> Сиденье стула Классика Melon Без ножек | J253: 101 | K253: 0 | L253: =CONCATENATE(J253,G253,K253) -> 101Melon0 | M253: Стул/сиденье | N253: =F253 -> Сиденье стула Классика
A254: WB | B254: ST101OCE | C254: Стул/сиденье Классика | D254: 200000000 | E254: 2037728440342 | F254: Сиденье стула Классика | G254: Ocean | H254: =VLOOKUP(K254,'справочник ножек'!A:B,2,FALSE) -> Без ножек | I254: =CONCATENATE(F254," ",G254," ",H254) -> Сиденье стула Классика Ocean Без ножек | J254: 101 | K254: 0 | L254: =CONCATENATE(J254,G254,K254) -> 101Ocean0 | M254: Стул/сиденье | N254: =F254 -> Сиденье стула Классика
A255: WB | B255: ST107CRE | C255: Полубарный стул классика | D255: 200000000 | E255: 2037728728266 | F255: Сиденье полубарного стула классика | G255: Cream | H255: =VLOOKUP(K255,'справочник ножек'!A:B,2,FALSE) -> Без ножек | I255: =CONCATENATE(F255," ",G255," ",H255) -> Сиденье полубарного стула классика Cream Без ножек | J255: 107 | K255: 0 | L255: =CONCATENATE(J255,G255,K255) -> 107Cream0 | M255: Стул/сиденье | N255: =F255 -> Сиденье полубарного стула классика
A256: WB | B256: ST107BER | C256: Полубарный стул классика | D256: 200000000 | E256: 2037728764585 | F256: Сиденье полубарного стула классика | G256: Berry | H256: =VLOOKUP(K256,'справочник ножек'!A:B,2,FALSE) -> Без ножек | I256: =CONCATENATE(F256," ",G256," ",H256) -> Сиденье полубарного стула классика Berry Без ножек | J256: 107 | K256: 0 | L256: =CONCATENATE(J256,G256,K256) -> 107Berry0 | M256: Стул/сиденье | N256: =F256 -> Сиденье полубарного стула классика
... A331: WB | B331: ST101SMO | C331: Стул/сиденье Классика | D331: 200000000 | E331: 2039025296745 | F331: Сиденье стула Классика | G331: Smoke | H331: =VLOOKUP(K331,'справочник ножек'!A:B,2,FALSE) -> Без ножек | I331: =CONCATENATE(F331," ",G331," ",H331) -> Сиденье стула Классика Smoke Без ножек | J331: 101 | K331: 0 | L331: =CONCATENATE(J331,G331,K331) -> 101Smoke0 | M331: Стул/сиденье | N331: =F331 -> Сиденье стула Классика
A332: Озон | B332: СТ101CAP1 | C332: Стул/сиденье Классика | D332: 100000000 | E332: OZN293711368 | F332: Стул Классика | G332: Cuppuccino | H332: =VLOOKUP(K332,'справочник ножек'!A:B,2,FALSE) -> Коричневые ножки | I332: =CONCATENATE(F332," ",G332," ",H332) -> Стул Классика Cuppuccino Коричневые ножки | J332: 101 | K332: 1 | L332: =CONCATENATE(J332,G332,K332) -> 101Cuppuccino1 | M332: Стул/сиденье | N332: =F332 -> Стул Классика
A333: Озон | B333: СТ101BER2 | C333: Стул/сиденье Классика | D333: 100000000 | E333: OZN293804848 | F333: Стул Классика | G333: Berry | H333: =VLOOKUP(K333,'справочник ножек'!A:B,2,FALSE) -> Белые ножки | I333: =CONCATENATE(F333," ",G333," ",H333) -> Стул Классика Berry Белые ножки | J333: 101 | K333: 2 | L333: =CONCATENATE(J333,G333,K333) -> 101Berry2 | M333: Стул/сиденье | N333: =F333 -> Стул Классика
A334: Озон | B334: СТ102ORG | C334: Стул/сиденье Классика | D334: 100000000 | E334: OZN293827335 | F334: Стул Классика | G334: Orange | H334: =VLOOKUP(K334,'справочник ножек'!A:B,2,FALSE) -> Без ножек | I334: =CONCATENATE(F334," ",G334," ",H334) -> Стул Классика Orange Без ножек | J334: 101 | K334: 0 | L334: =CONCATENATE(J334,G334,K334) -> 101Orange0 | M334: Стул/сиденье | N334: =F334 -> Стул Классика
A335: Озон | B335: СТ102FOR | C335: Стул/сиденье Классика | D335: 100000000 | E335: OZN293857593 | F335: Стул Классика | G335: Forest | H335: =VLOOKUP(K335,'справочник ножек'!A:B,2,FALSE) -> Без ножек | I335: =CONCATENATE(F335," ",G335," ",H335) -> Стул Классика Forest Без ножек | J335: 101 | K335: 0 | L335: =CONCATENATE(J335,G335,K335) -> 101Forest0 | M335: Стул/сиденье | N335: =F335 -> Стул Классика
A336: Озон | B336: СТ102ГРАФ3 | C336: Стул/сиденье Классика | D336: 100000000 | E336: OZN293860433 | F336: Стул Классика | G336: Graphite | H336: =VLOOKUP(K336,'справочник ножек'!A:B,2,FALSE) -> Черные ножки | I336: =CONCATENATE(F336," ",G336," ",H336) -> Стул Классика Graphite Черные ножки | J336: 101 | K336: 3 | L336: =CONCATENATE(J336,G336,K336) -> 101Graphite3 | M336: Стул/сиденье | N336: =F336 -> Стул Классика
A337: Озон | B337: СТ101MEL4 | C337: Стул/сиденье Классика | D337: 100000000 | E337: OZN295089165 | F337: Стул Классика | G337: Melon | H337: =VLOOKUP(K337,'справочник ножек'!A:B,2,FALSE) -> Черные ножки с наконечниками | I337: =CONCATENATE(F337," ",G337," ",H337) -> Стул Классика Melon Черные ножки с наконечниками | J337: 101 | K337: 4 | L337: =CONCATENATE(J337,G337,K337) -> 101Melon4 | M337: Стул/сиденье | N337: =F337 -> Стул Классика
A338: Озон | B338: СТ102COF3 | C338: Стул/сиденье Классика | E338: OZN305162632 | F338: Стул Классика | G338: Coffe | H338: =VLOOKUP(K338,'справочник ножек'!A:B,2,FALSE) -> Черные ножки | I338: =CONCATENATE(F338," ",G338," ",H338) -> Стул Классика Coffe Черные ножки | J338: 101 | K338: 3 | L338: =CONCATENATE(J338,G338,K338) -> 101Coffe3 | M338: Стул/сиденье | N338: =F338 -> Стул Классика
A339: Озон | B339: СТ101CRE4 | C339: Стул/сиденье Классика | D339: 100000000 | E339: OZN305191395 | F339: Стул Классика | G339: Cream | H339: =VLOOKUP(K339,'справочник ножек'!A:B,2,FALSE) -> Черные ножки с наконечниками | I339: =CONCATENATE(F339," ",G339," ",H339) -> Стул Классика Cream Черные ножки с наконечниками | J339: 101 | K339: 4 | L339: =CONCATENATE(J339,G339,K339) -> 101Cream4 | M339: Стул/сиденье | N339: =F339 -> Стул Классика
A340: Озон | B340: СТ101COR4 | C340: Стул/сиденье Классика | D340: 100000000 | E340: OZN305199150 | F340: Стул Классика | G340: Koriza | H340: =VLOOKUP(K340,'справочник ножек'!A:B,2,FALSE) -> Черные ножки с наконечниками | I340: =CONCATENATE(F340," ",G340," ",H340) -> Стул Классика Koriza Черные ножки с наконечниками | J340: 101 | K340: 4 | L340: =CONCATENATE(J340,G340,K340) -> 101Koriza4 | M340: Стул/сиденье | N340: =F340 -> Стул Классика
A341: Озон | B341: СТ101COF4 | C341: Стул/сиденье Классика | D341: 100000000 | E341: OZN305188879 | F341: Стул Классика | G341: Coffe | H341: =VLOOKUP(K341,'справочник ножек'!A:B,2,FALSE) -> Черные ножки с наконечниками | I341: =CONCATENATE(F341," ",G341," ",H341) -> Стул Классика Coffe Черные ножки с наконечниками | J341: 101 | K341: 4 | L341: =CONCATENATE(J341,G341,K341) -> 101Coffe4 | M341: Стул/сиденье | N341: =F341 -> Стул Классика
A342: Озон | B342: СТ101CUP4 | C342: Стул/сиденье Классика | D342: 100000000 | E342: OZN306213043 | F342: Стул Классика | G342: Cuppuccino | H342: =VLOOKUP(K342,'справочник ножек'!A:B,2,FALSE) -> Черные ножки с наконечниками | I342: =CONCATENATE(F342," ",G342," ",H342) -> Стул Классика Cuppuccino Черные ножки с наконечниками | J342: 101 | K342: 4 | L342: =CONCATENATE(J342,G342,K342) -> 101Cuppuccino4 | M342: Стул/сиденье | N342: =F342 -> Стул Классика
A343: Озон | B343: СТ101FOR1 | C343: Стул/сиденье Классика | D343: 100000000 | E343: OZN306211119 | F343: Стул Классика | G343: Forest | H343: =VLOOKUP(K343,'справочник ножек'!A:B,2,FALSE) -> Коричневые ножки | I343: =CONCATENATE(F343," ",G343," ",H343) -> Стул Классика Forest Коричневые ножки | J343: 101 | K343: 1 | L343: =CONCATENATE(J343,G343,K343) -> 101Forest1 | M343: Стул/сиденье | N343: =F343 -> Стул Классика
A344: Озон | B344: СТ101FOR2 | C344: Стул/сиденье Классика | D344: 100000000 | E344: OZN306210630 | F344: Стул Классика | G344: Forest | H344: =VLOOKUP(K344,'справочник ножек'!A:B,2,FALSE) -> Белые ножки | I344: =CONCATENATE(F344," ",G344," ",H344) -> Стул Классика Forest Белые ножки | J344: 101 | K344: 2 | L344: =CONCATENATE(J344,G344,K344) -> 101Forest2 | M344: Стул/сиденье | N344: =F344 -> Стул Классика
A345: Озон | B345: СТ101CUP3 | C345: Стул/сиденье Классика | D345: 100000000 | E345: OZN305197690 | F345: Стул Классика | G345: Cuppuccino | H345: =VLOOKUP(K345,'справочник ножек'!A:B,2,FALSE) -> Черные ножки | I345: =CONCATENATE(F345," ",G345," ",H345) -> Стул Классика Cuppuccino Черные ножки | J345: 101 | K345: 3 | L345: =CONCATENATE(J345,G345,K345) -> 101Cuppuccino3 | M345: Стул/сиденье | N345: =F345 -> Стул Классика
A346: Озон | B346: СТ101COR3 | C346: Стул/сиденье Классика | D346: 100000000 | E346: OZN305199153 | F346: Стул Классика | G346: Koriza | H346: =VLOOKUP(K346,'справочник ножек'!A:B,2,FALSE) -> Черные ножки | I346: =CONCATENATE(F346," ",G346," ",H346) -> Стул Классика Koriza Черные ножки | J346: 101 | K346: 3 | L346: =CONCATENATE(J346,G346,K346) -> 101Koriza3 | M346: Стул/сиденье | N346: =F346 -> Стул Классика
A347: Озон | B347: СТ101CRE1 | C347: Стул/сиденье Классика | D347: 100000000 | E347: OZN305192017 | F347: Стул Классика | G347: Cream | H347: =VLOOKUP(K347,'справочник ножек'!A:B,2,FALSE) -> Коричневые ножки | I347: =CONCATENATE(F347," ",G347," ",H347) -> Стул Классика Cream Коричневые ножки | J347: 101 | K347: 1 | L347: =CONCATENATE(J347,G347,K347) -> 101Cream1 | M347: Стул/сиденье | N347: =F347 -> Стул Классика
A348: Озон | B348: СТ101CUP2 | C348: Стул/сиденье Классика | D348: 100000000 | E348: OZN306212241 | F348: Стул Классика | G348: Cuppuccino | H348: =VLOOKUP(K348,'справочник ножек'!A:B,2,FALSE) -> Белые ножки | I348: =CONCATENATE(F348," ",G348," ",H348) -> Стул Классика Cuppuccino Белые ножки | J348: 101 | K348: 2 | L348: =CONCATENATE(J348,G348,K348) -> 101Cuppuccino2 | M348: Стул/сиденье | N348: =F348 -> Стул Классика
A349: Озон | B349: СТ101MEL2 | C349: Стул/сиденье Классика | D349: 100000000 | E349: OZN305200952 | F349: Стул Классика | G349: Melon | H349: =VLOOKUP(K349,'справочник ножек'!A:B,2,FALSE) -> Белые ножки | I349: =CONCATENATE(F349," ",G349," ",H349) -> Стул Классика Melon Белые ножки | J349: 101 | K349: 2 | L349: =CONCATENATE(J349,G349,K349) -> 101Melon2 | M349: Стул/сиденье | N349: =F349 -> Стул Классика
A350: Озон | B350: СТ101MEL3 | C350: Стул/сиденье Классика | D350: 100000000 | E350: OZN306211118 | F350: Стул Классика | G350: Melon | H350: =VLOOKUP(K350,'справочник ножек'!A:B,2,FALSE) -> Черные ножки | I350: =CONCATENATE(F350," ",G350," ",H350) -> Стул Классика Melon Черные ножки | J350: 101 | K350: 3 | L350: =CONCATENATE(J350,G350,K350) -> 101Melon3 | M350: Стул/сиденье | N350: =F350 -> Стул Классика
... A384: Озон | B384: СТ101OCE3 | C384: Стул/сиденье Классика | D384: 200000000 | E384: OZN458708200 | F384: Стул Классика | G384: Ocean | H384: =VLOOKUP(K384,'справочник ножек'!A:B,2,FALSE) -> Черные ножки | I384: =CONCATENATE(F384," ",G384," ",H384) -> Стул Классика Ocean Черные ножки | J384: 101 | K384: 3 | L384: =CONCATENATE(J384,G384,K384) -> 101Ocean3 | M384: Стул/сиденье | N384: =F384 -> Стул Классика
A385: Озон | B385: СТ101ORN2 | C385: Стул/сиденье Классика | D385: 200000000 | F385: Стул Классика | G385: Orange | H385: =VLOOKUP(K385,'справочник ножек'!A:B,2,FALSE) -> Белые ножки | I385: =CONCATENATE(F385," ",G385," ",H385) -> Стул Классика Orange Белые ножки | J385: 101 | K385: 2 | L385: =CONCATENATE(J385,G385,K385) -> 101Orange2 | M385: Стул/сиденье | N385: =F385 -> Стул Классика
A386: Озон | B386: СТ101OCE4 | C386: Стул/сиденье Классика | D386: 200000000 | E386: OZN459481517 | F386: Стул Классика | G386: Ocean | H386: =VLOOKUP(K386,'справочник ножек'!A:B,2,FALSE) -> Черные ножки с наконечниками | I386: =CONCATENATE(F386," ",G386," ",H386) -> Стул Классика Ocean Черные ножки с наконечниками | J386: 101 | K386: 4 | L386: =CONCATENATE(J386,G386,K386) -> 101Ocean4 | M386: Стул/сиденье | N386: =F386 -> Стул Классика
A387: Озон | B387: СТ101OCE2 | C387: Стул/сиденье Классика | D387: 200000000 | E387: OZN459479304 | F387: Стул Классика | G387: Ocean | H387: =VLOOKUP(K387,'справочник ножек'!A:B,2,FALSE) -> Белые ножки | I387: =CONCATENATE(F387," ",G387," ",H387) -> Стул Классика Ocean Белые ножки | J387: 101 | K387: 2 | L387: =CONCATENATE(J387,G387,K387) -> 101Ocean2 | M387: Стул/сиденье | N387: =F387 -> Стул Классика
A388: Озон | B388: СТ102MEL1 | C388: Диван/сиденье классика | D388: 200000000 | E388: OZN459764339 | F388: Диван классика | G388: Melon | H388: =VLOOKUP(K388,'справочник ножек'!A:B,2,FALSE) -> Коричневые ножки | I388: =CONCATENATE(F388," ",G388," ",H388) -> Диван классика Melon Коричневые ножки | J388: 102 | K388: 1 | L388: =CONCATENATE(J388,G388,K388) -> 102Melon1 | M388: Диван/сиденье | N388: =F388 -> Диван классика
A389: Озон | B389: СТ102BLU2 | C389: Диван/сиденье классика | D389: 200000000 | E389: OZN469927376 | F389: Диван классика | G389: Blue | H389: =VLOOKUP(K389,'справочник ножек'!A:B,2,FALSE) -> Белые ножки | I389: =CONCATENATE(F389," ",G389," ",H389) -> Диван классика Blue Белые ножки | J389: 102 | K389: 2 | L389: =CONCATENATE(J389,G389,K389) -> 102Blue2 | M389: Диван/сиденье | N389: =F389 -> Диван классика
A390: Озон | B390: СТ102OCE3 | C390: Диван/сиденье классика | D390: 200000000 | E390: OZN488432882 | F390: Диван классика | G390: Ocean | H390: =VLOOKUP(K390,'справочник ножек'!A:B,2,FALSE) -> Черные ножки | I390: =CONCATENATE(F390," ",G390," ",H390) -> Диван классика Ocean Черные ножки | J390: 102 | K390: 3 | L390: =CONCATENATE(J390,G390,K390) -> 102Ocean3 | M390: Диван/сиденье | N390: =F390 -> Диван классика
A391: Озон | B391: КДССFOR3 | C391: Комплект: диван + 2 стула | D391: 300000000 | E391: OZN563991136 | F391: 2 стула + диван | G391: Forest | H391: =VLOOKUP(K391,'справочник ножек'!A:B,2,FALSE) -> Без ножек | I391: =CONCATENATE(F391," ",G391," ",H391) -> 2 стула + диван Forest Без ножек | J391: 101 и 102 | K391: 0 | L391: =CONCATENATE(J391,G391,K391) -> 101 и 102Forest0 | M391: 2 стула + диван | N391: =F391 -> 2 стула + диван
A392: Озон | B392: СТ101MIN1 | C392: Стул/сиденье Классика | D392: 300000000 | E392: OZN612006619 | F392: Стул Классика | G392: Mint | H392: =VLOOKUP(K392,'справочник ножек'!A:B,2,FALSE) -> Коричневые ножки | I392: =CONCATENATE(F392," ",G392," ",H392) -> Стул Классика Mint Коричневые ножки | J392: 101 | K392: 1 | L392: =CONCATENATE(J392,G392,K392) -> 101Mint1 | M392: Стул/сиденье | N392: =F392 -> Стул Классика
A393: Озон | B393: СТ101MIN7 | C393: Стул/сиденье Классика | D393: 300000000 | E393: OZN612010048 | F393: Стул Классика | G393: Mint | H393: =VLOOKUP(K393,'справочник ножек'!A:B,2,FALSE) -> Ножки патина серебро | I393: =CONCATENATE(F393," ",G393," ",H393) -> Стул Классика Mint Ножки патина серебро | J393: 101 | K393: 7 | L393: =CONCATENATE(J393,G393,K393) -> 101Mint7 | M393: Стул/сиденье | N393: =F393 -> Стул Классика
A394: Озон | B394: СТ101MIN2 | C394: Стул/сиденье Классика | D394: 300000000 | E394: OZN612010594 | F394: Стул Классика | G394: Mint | H394: =VLOOKUP(K394,'справочник ножек'!A:B,2,FALSE) -> Белые ножки | I394: =CONCATENATE(F394," ",G394," ",H394) -> Стул Классика Mint Белые ножки | J394: 101 | K394: 2 | L394: =CONCATENATE(J394,G394,K394) -> 101Mint2 | M394: Стул/сиденье | N394: =F394 -> Стул Классика
A395: Озон | B395: СТ101MIN6 | C395: Стул/сиденье Классика | D395: 300000000 | E395: OZN612013166 | F395: Стул Классика | G395: Mint | H395: =VLOOKUP(K395,'справочник ножек'!A:B,2,FALSE) -> Ножки золотая патина | I395: =CONCATENATE(F395," ",G395," ",H395) -> Стул Классика Mint Ножки золотая патина | J395: 101 | K395: 6 | L395: =CONCATENATE(J395,G395,K395) -> 101Mint6 | M395: Стул/сиденье | N395: =F395 -> Стул Классика
A396: Озон | B396: СТ101MIN3 | C396: Стул/сиденье Классика | D396: 300000000 | E396: OZN612013223 | F396: Стул Классика | G396: Mint | H396: =VLOOKUP(K396,'справочник ножек'!A:B,2,FALSE) -> Черные ножки | I396: =CONCATENATE(F396," ",G396," ",H396) -> Стул Классика Mint Черные ножки | J396: 101 | K396: 3 | L396: =CONCATENATE(J396,G396,K396) -> 101Mint3 | M396: Стул/сиденье | N396: =F396 -> Стул Классика
...

Sheet справочник ножек
A1: Номер цвета ножек | B1: Ножки | E1: Цвет ткани
A2: 1 | B2: Коричневые ножки
A3: 2 | B3: Белые ножки
A4: 3 | B4: Черные ножки
A5: 7 | B5: Ножки патина серебро
A6: 5 | B6: Ножки прозрачный лак
A7: 8 | B7: Ножки слоновая кость
A8: 4 | B8: Черные ножки с наконечниками
A9: 6 | B9: Ножки золотая патина
A10: 9 | B10: Ножки слоновая кость с наконечниками
A11: 10 | B11: Белые ножки с наконечниками
A12: 11 | B12: Коричневые ножки с наконечниками
A13: 0 | B13: Без ножек
... A16: 14 | B16: Ножки зеленые

Sheet Для проверки коррекного заполн
A1: Обязательно внести номер позиции, после этого обновлять своды
A3: Номер позиции | B3: Тип изделия | D3: Цвет ткани | F3: Номер цвета ножек | G3: Ножки | I3: Номер позиции | J3: Предмет для расчета ЗП
A4: 101 | B4: Сиденье стула Классика | D4: Beige | F4: 0 | G4: Без ножек | I4: 101 | J4: Стул/сиденье
B5: Стул Классика | D5: Berry | F5: 1 | G5: Коричневые ножки | I5: 102 | J5: Диван/сиденье
A6: 102 | B6: Диван классика | D6: Biruza | F6: 2 | G6: Белые ножки | I6: 103 | J6: Стул/сиденье
B7: Сиденье дивана классика | D7: Blue | F7: 3 | G7: Черные ножки | I7: 104 | J7: Диван/сиденье
A8: 103 | B8: Сиденье стула с высокой спинкой | D8: Broun | F8: 4 | G8: Черные ножки с наконечниками | I8: 105 | J8: Стул/сиденье
A9: 104 | B9: Сиденье кушетки | D9: Coffe | F9: 5 | G9: Ножки прозрачный лак | I9: 106 | J9: Табурет
A10: 105 | B10: Сиденье стула Ракушка | D10: Coral | F10: 6 | G10: Ножки золотая патина | I10: 107 | J10: Стул/сиденье
B11: Стул Ракушка | D11: Cream | F11: 7 | G11: Ножки патина серебро | I11: 109 | J11: Диван/сиденье
A12: 106 | B12: Блинчик | D12: Cuppuccino | F12: 8 | G12: Ножки слоновая кость | I12: 110 | J12: Стул с подлокотниками
B13: Табурет | D13: Flamingo | F13: 9 | G13: Ножки слоновая кость с наконечниками | I13: 111 | J13: Стул/сиденье
A14: 107 | B14: Барный стул | D14: Forest | F14: 10 | G14: Белые ножки с наконечниками | I14: 113 | J14: Стул/сиденье
B15: Сиденье полубарного стула классика | D15: Graphite | F15: 11 | G15: Коричневые ножки с наконечниками | I15: 118 | J15: Табурет
A16: 109 | B16: Диван Ракушка | D16: Graphite&Melon | F16: 12 | G16: Ножки красные | I16: 120 | J16: Сидушка на стул
B17: Сиденье дивана Ракушка | D17: Koriza | F17: 13 | G17: Ножки синие | I17: 101 и 102 | J17: 2 стула + диван
A18: 110 | B18: Стул с подлокотниками | D18: Latte | F18: 14 | G18: Ножки зеленые | I18: 116/1 | J18: Стул детский
A19: 111 | B19: Стул полубарный с кольцом | D19: Melon | F19: (пусто) | G19: (пусто) | I19: 116/2 | J19: Стул детский
A20: 113 | B20: Сиденье полубарного стула Ракушка | D20: Melon&Graphite | F20: Общий итог | I20: 116/3 | J20: Стул детский
A21: 118 | B21: Табурет детский | D21: Mint | I21: 117/1 | J21: Стул детский
A22: 120 | B22: Подушка для стула | D22: Monsoon | I22: 117/2 | J22: Стул детский
A23: 101 и 102 | B23: 2 стула + диван | D23: Ocean | I23: 117/3 | J23: Стул детский
A24: 116/1 | B24: Стул детский Непоседа Трапеция Маленький | D24: Oliva | I24: CT1 | J24: Образец ткани
A25: 116/2 | B25: Стул детский Непоседа Трапеция Средний | D25: Orange | I25: К101 | J25: Стул/сиденье
A26: 116/3 | B26: Стул детский Непоседа Трапеция Высокий | D26: Sky | I26: (пусто) | J26: Образец ткани
A27: 117/1 | B27: Стул детский Сердце маленький | D27: Smoke | J27: (пусто)
A28: 117/2 | B28: Стул детский Сердце средний | D28: Teddi | I28: 40 | J28: Ножки
A29: 117/3 | B29: Стул детский Сердце большой | D29: Все цвета | I29: 60 | J29: Ножки
A30: CT1 | B30: Образцы ткани | D30: Цвет на выбор | I30: 340 | J30: Ножки
A31: К101 | B31: Комплект Стул Классика | D31: (пусто) | I31: К105 | J31: Стул/сиденье
A32: (пусто) | B32: Образцы ткани | D32: Общий итог | I32: Общий итог
B33: (пусто)
A34: 40 | B34: Ножки 40
A35: 60 | B35: Ножки 60
A36: 340 | B36: Ножки 40 3 шт
A37: К105 | B37: Комплект Стула Ракушка
A38: Общий итог
